{
  "benchmarks": [
    {
      "name": "new URL",
      "group": "One query",
      "time": 500,
      "warmup": true,
      "baseline": false,
      "async": false,
      "stats": {
        "n": 40,
        "min": 1546.1913,
        "max": 2689.5963,
        "jit": [81865, 8536, 4739, 3667, 5160, 3567, 3416, 3837, 7705, 2656],
        "p75": 1690.4983,
        "p99": 2689.5963,
        "avg": 1698.2647725,
        "p995": 2689.5963,
        "p999": 2689.5963
      }
    },
    {
      "name": "Vixeny query",
      "group": "One query",
      "time": 500,
      "warmup": true,
      "baseline": false,
      "async": false,
      "stats": {
        "n": 404,
        "min": 113.6569,
        "max": 238.0802,
        "jit": [118864, 11081, 12123, 1433, 1112, 1122, 1042, 22883, 1362, 912],
        "p75": 129.9968,
        "p99": 194.7933,
        "avg": 127.00363737623756,
        "p995": 206.7398,
        "p999": 238.0802
      }
    },
    {
      "name": "new URL",
      "group": "multi query",
      "time": 500,
      "warmup": true,
      "baseline": false,
      "async": false,
      "stats": {
        "n": 39,
        "min": 1694.1101,
        "max": 2494.6196,
        "jit": [435283, 6352, 3066, 2435, 2675, 2244, 2204, 2254, 2175, 2194],
        "p75": 2026.6177,
        "p99": 2494.6196,
        "avg": 1856.010935897436,
        "p995": 2494.6196,
        "p999": 2494.6196
      }
    },
    {
      "name": "Vixeny query",
      "group": "multi query",
      "time": 500,
      "warmup": true,
      "baseline": false,
      "async": false,
      "stats": {
        "n": 203,
        "min": 212.1971,
        "max": 557.6153,
        "jit": [338450, 15018, 15429, 2124, 1663, 1613, 1704, 1603, 1583, 1473],
        "p75": 258.9286,
        "p99": 351.5366,
        "avg": 257.69144532019715,
        "p995": 367.4277,
        "p999": 557.6153
      }
    }
  ],
  "cpu": "AMD Ryzen 7 3750H with Radeon Vega Mobile Gfx",
  "runtime": "bun 1.0.3 (x64-linux)"
}
