{"benchmarks":[{"name":"new URL","group":"One query","time":500,"warmup":true,"baseline":false,"async":false,"stats":{"n":28,"min":2680.1296,"max":3811.4079,"jit":[267567,175513,22823,9458,15279,8857,8406,8366,12334,16822],"p75":2719.6966,"p99":3811.4079,"avg":2786.849085714286,"p995":3811.4079,"p999":3811.4079}},{"name":"Vixeny query","group":"One query","time":500,"warmup":true,"baseline":false,"async":false,"stats":{"n":677,"min":67.547,"max":256.9799,"jit":[94980,3066,2184,2074,2074,2044,1944,1934,6312,7134],"p75":74.2367,"p99":110.8841,"avg":74.95340398818321,"p995":196.0885,"p999":256.9799}},{"name":"new URL","group":"multi query","time":500,"warmup":true,"baseline":false,"async":false,"stats":{"n":28,"min":2750.3967,"max":3070.2216,"jit":[272226,8436,6332,6071,6052,6002,5972,6091,13465,22633],"p75":2765.4623,"p99":3070.2216,"avg":2773.319357142857,"p995":3070.2216,"p999":3070.2216}},{"name":"Vixeny query","group":"multi query","time":500,"warmup":true,"baseline":false,"async":false,"stats":{"n":411,"min":117.6559,"max":331.483,"jit":[197674,4048,2886,2856,2775,3005,2985,2746,53812,14016],"p75":124.8866,"p99":178.3129,"avg":125.4141849148418,"p995":182.4157,"p999":331.483}}],"cpu":"AMD Ryzen 7 4700U with Radeon Graphics","runtime":"node v18.13.0 (x64-linux)"}
