{"benchmarks":[{"name":"new URL","group":"One query","time":500,"warmup":true,"baseline":false,"async":false,"stats":{"n":40,"min":1565.3847,"max":2697.6375,"jit":[87796,8666,4638,3837,3246,3416,3166,4739,7434,2565],"p75":1677.1066,"p99":2697.6375,"avg":1704.3266150000004,"p995":2697.6375,"p999":2697.6375}},{"name":"Vixeny query","group":"One query","time":500,"warmup":true,"baseline":false,"async":false,"stats":{"n":413,"min":109.0459,"max":248.2437,"jit":[122411,9278,12013,1393,1142,981,1032,7765,1142,832],"p75":130.6918,"p99":203.914,"avg":124.77258619854722,"p995":214.2686,"p999":248.2437}},{"name":"new URL","group":"multi query","time":500,"warmup":true,"baseline":false,"async":false,"stats":{"n":34,"min":1760.3508,"max":2430.8848,"jit":[415345,7254,3557,3196,2745,2594,2685,2364,2364,2325],"p75":2112.3244,"p99":2430.8848,"avg":2031.9881441176472,"p995":2430.8848,"p999":2430.8848}},{"name":"Vixeny query","group":"multi query","time":500,"warmup":true,"baseline":false,"async":false,"stats":{"n":228,"min":197.7283,"max":345.4022,"jit":[346544,8486,9709,1743,1493,1353,1443,1292,1382,1263],"p75":241.9458,"p99":316.9364,"avg":231.28904254385975,"p995":338.1225,"p999":345.4022}}],"cpu":"AMD Ryzen 7 3750H with Radeon Vega Mobile Gfx","runtime":"bun 1.0.3 (x64-linux)"}
