{"benchmarks":[{"name":"new URL","group":"One query","time":500,"warmup":true,"baseline":false,"async":false,"stats":{"n":68451,"min":5391,"max":286241,"jit":[504152,63751,49072,35537,55775,29746,31219,35577,56015,113104],"p75":8336,"p99":9788,"avg":7306,"p995":12424,"p999":75683}},{"name":"Vixeny query","group":"One query","time":500,"warmup":true,"baseline":false,"async":false,"stats":{"n":480,"min":94.7849,"max":176.5023,"jit":[93086,6612,5300,4699,4588,4579,4509,4618,9998,14677],"p75":105.7547,"p99":142.0152,"avg":107.02817687500007,"p995":143.6072,"p999":176.5023}},{"name":"new URL","group":"multi query","time":500,"warmup":true,"baseline":false,"async":false,"stats":{"n":24,"min":3581.3712,"max":4532.2275,"jit":[149883,17352,12945,11883,11972,11712,11582,11261,36058,24907],"p75":3641.7101,"p99":4532.2275,"avg":3668.084495833333,"p995":4532.2275,"p999":4532.2275}},{"name":"Vixeny query","group":"multi query","time":500,"warmup":true,"baseline":false,"async":false,"stats":{"n":288,"min":173.0197,"max":211.7087,"jit":[173267,6863,5210,4819,4849,4668,4669,4659,27613,13135],"p75":181.2203,"p99":206.7754,"avg":180.27647395833353,"p995":206.9908,"p999":211.7087}}],"cpu":"AMD Ryzen 7 3750H with Radeon Vega Mobile Gfx","runtime":"deno 1.37.0 (x86_64-unknown-linux-gnu)"}
