{"benchmarks":[{"name":"Jose","group":"Sign","time":500,"warmup":true,"baseline":false,"async":true,"stats":{"n":14602,"min":21801,"max":1330542,"jit":[4727967,237809,95711,94488,103776,114837,84770,74480,97094,71675],"p75":33884,"p99":73739,"avg":34267,"p995":93737,"p999":798457}},{"name":"Vixeny JWT","group":"Sign","time":500,"warmup":true,"baseline":false,"async":false,"stats":{"n":28,"min":2540.4858,"max":3491.7149,"jit":[125117,54883,32120,32682,40887,34966,23074,7925,8476,7204],"p75":3314.9151,"p99":3491.7149,"avg":3033.5145392857144,"p995":3491.7149,"p999":3491.7149}},{"name":"Jose","group":"verify","time":500,"warmup":true,"baseline":false,"async":true,"stats":{"n":15675,"min":18716,"max":1284245,"jit":[4973530,221999,78930,98687,91934,85902,79861,91813,64312,59984],"p75":31289,"p99":64121,"avg":31917,"p995":72277,"p999":819528}},{"name":"Vixeny JWT","group":"verify","time":500,"warmup":true,"baseline":false,"async":false,"stats":{"n":23,"min":3433.501,"max":4552.05,"jit":[846769,49985,23895,9599,8717,9038,9528,11712,9468,8196],"p75":4356.3985,"p99":4552.05,"avg":4065.216656521739,"p995":4552.05,"p999":4552.05}}],"cpu":"AMD Ryzen 7 3750H with Radeon Vega Mobile Gfx","runtime":"bun 1.0.3 (x64-linux)"}
