{"benchmarks":[{"name":"new URL","group":"One query","time":500,"warmup":true,"baseline":false,"async":false,"stats":{"n":48,"min":1189.7354,"max":1766.4925,"jit":[463685,149973,29726,14758,19076,12704,12904,13495,30087,36118],"p75":1448.8307,"p99":1766.4925,"avg":1354.7786437500001,"p995":1766.4925,"p999":1766.4925}},{"name":"Vixeny query","group":"One query","time":500,"warmup":true,"baseline":false,"async":false,"stats":{"n":631,"min":73.7452,"max":143.9518,"jit":[98737,3226,2494,2294,2194,2094,2074,2134,5540,8306],"p75":80.6423,"p99":103.6718,"avg":80.62509096671948,"p995":106.8057,"p999":143.9518}},{"name":"new URL","group":"multi query","time":500,"warmup":true,"baseline":false,"async":false,"stats":{"n":45,"min":1323.6653,"max":1857.6776,"jit":[162176,8205,5490,4699,4629,4419,4308,4338,7645,19517],"p75":1615.7057,"p99":1857.6776,"avg":1436.8642822222225,"p995":1857.6776,"p999":1857.6776}},{"name":"Vixeny query","group":"multi query","time":500,"warmup":true,"baseline":false,"async":false,"stats":{"n":412,"min":121.1227,"max":139.9363,"jit":[152508,3717,2996,2866,2785,2745,2755,2745,9538,12694],"p75":124.6032,"p99":129.197,"avg":124.47151456310684,"p995":131.2448,"p999":139.9363}}],"cpu":"AMD Ryzen 7 3750H with Radeon Vega Mobile Gfx","runtime":"node v20.5.1 (x64-linux)"}
