{"benchmarks":[{"name":"new URL","group":"One query","time":500,"warmup":true,"baseline":false,"async":false,"stats":{"n":49,"min":1149.5334,"max":1831.1612,"jit":[410676,147148,28915,14758,19066,12834,12684,13305,30498,35207],"p75":1405.2909,"p99":1831.1612,"avg":1315.154336734694,"p995":1831.1612,"p999":1831.1612}},{"name":"Vixeny query","group":"One query","time":500,"warmup":true,"baseline":false,"async":false,"stats":{"n":614,"min":74.6903,"max":183.1472,"jit":[93567,3517,2675,2435,2345,2234,2215,2184,9809,29316],"p75":83.4929,"p99":109.7795,"avg":82.8138711726384,"p995":113.3102,"p999":183.1472}},{"name":"new URL","group":"multi query","time":500,"warmup":true,"baseline":false,"async":false,"stats":{"n":45,"min":1298.464,"max":1849.3857,"jit":[204075,12794,6883,6142,6522,6522,6372,6161,9999,23955],"p75":1583.6201,"p99":1849.3857,"avg":1409.6509866666663,"p995":1849.3857,"p999":1849.3857}},{"name":"Vixeny query","group":"multi query","time":500,"warmup":true,"baseline":false,"async":false,"stats":{"n":446,"min":109.455,"max":147.8335,"jit":[142520,3697,2986,2805,2705,2675,2635,2625,18786,12604],"p75":115.5765,"p99":121.7121,"avg":114.86370560538107,"p995":122.7231,"p999":147.8335}}],"cpu":"AMD Ryzen 7 3750H with Radeon Vega Mobile Gfx","runtime":"node v20.5.1 (x64-linux)"}
