{
  "benchmarks": [
    {
      "name": "Jose",
      "group": "Sign",
      "time": 500,
      "warmup": true,
      "baseline": false,
      "async": true,
      "stats": {
        "n": 15278,
        "min": 21320,
        "max": 1376042,
        "jit": [
          4000614,
          247047,
          106211,
          126159,
          115088,
          121820,
          104648,
          84530,
          88968,
          84721
        ],
        "p75": 31399,
        "p99": 67247,
        "avg": 32749,
        "p995": 91333,
        "p999": 752092
      }
    },
    {
      "name": "Vixeny JWT",
      "group": "Sign",
      "time": 500,
      "warmup": true,
      "baseline": false,
      "async": false,
      "stats": {
        "n": 32,
        "min": 2055.849,
        "max": 2986.1359,
        "jit": [73479, 36319, 7374, 7013, 10049, 6372, 5691, 6262, 5550, 5650],
        "p75": 2441.9129,
        "p99": 2986.1359,
        "avg": 2314.5562125,
        "p995": 2986.1359,
        "p999": 2986.1359
      }
    },
    {
      "name": "Jose",
      "group": "verify",
      "time": 500,
      "warmup": true,
      "baseline": false,
      "async": true,
      "stats": {
        "n": 16533,
        "min": 17343,
        "max": 1138824,
        "jit": [
          3263370,
          251205,
          98105,
          112382,
          120889,
          102454,
          59743,
          65173,
          50004,
          46708
        ],
        "p75": 29486,
        "p99": 60454,
        "avg": 30260,
        "p995": 69832,
        "p999": 731703
      }
    },
    {
      "name": "Vixeny JWT",
      "group": "verify",
      "time": 500,
      "warmup": true,
      "baseline": false,
      "async": false,
      "stats": {
        "n": 26,
        "min": 3021.8404,
        "max": 4130.5727,
        "jit": [327590, 18795, 7024, 5791, 5641, 5431, 5841, 13666, 7224, 5521],
        "p75": 3653.6299,
        "p99": 4130.5727,
        "avg": 3462.9985500000007,
        "p995": 4130.5727,
        "p999": 4130.5727
      }
    }
  ],
  "cpu": "AMD Ryzen 7 3750H with Radeon Vega Mobile Gfx",
  "runtime": "bun 1.0.3 (x64-linux)"
}
