{"benchmarks":[{"name":"new URL","group":"One query","time":500,"warmup":true,"baseline":false,"async":false,"stats":{"n":42,"min":1391.5345,"max":2510.4556,"jit":[57339,5290,2825,2224,2094,2344,2084,4508,8365,1753],"p75":1613.5933,"p99":2510.4556,"avg":1588.3161571428566,"p995":2510.4556,"p999":2510.4556}},{"name":"Vixeny query","group":"One query","time":500,"warmup":true,"baseline":false,"async":false,"stats":{"n":550,"min":83.3509,"max":194.9154,"jit":[109087,8767,10329,1092,762,691,661,6643,791,611],"p75":88.9214,"p99":162.9508,"avg":92.6632349090909,"p995":164.7161,"p999":194.9154}},{"name":"new URL","group":"multi query","time":500,"warmup":true,"baseline":false,"async":false,"stats":{"n":42,"min":1519.1143,"max":2057.9051,"jit":[294749,4859,2144,2244,1844,4238,2124,1763,1723,1843],"p75":1594.2547,"p99":2057.9051,"avg":1598.0284785714286,"p995":2057.9051,"p999":2057.9051}},{"name":"Vixeny query","group":"multi query","time":500,"warmup":true,"baseline":false,"async":false,"stats":{"n":319,"min":148.818,"max":303.8567,"jit":[271194,7124,6683,1242,942,882,862,871,871,902],"p75":159.4491,"p99":235.9561,"avg":162.14952978056422,"p995":298.9535,"p999":303.8567}}],"cpu":"AMD Ryzen 7 4700U with Radeon Graphics","runtime":"bun 1.0.15 (x64-linux)"}
