{
  "benchmarks": [
    {
      "name": "Jose",
      "group": "Sign",
      "time": 500,
      "warmup": true,
      "baseline": false,
      "async": true,
      "stats": {
        "n": 11559,
        "min": 14347,
        "max": 133414670,
        "jit": [
          6668767,
          109044,
          60223,
          65382,
          52568,
          77014,
          259627,
          108483,
          110808,
          45495
        ],
        "p75": 28964,
        "p99": 79689,
        "avg": 43282,
        "p995": 113372,
        "p999": 776867
      }
    },
    {
      "name": "Vixeny JWT",
      "group": "Sign",
      "time": 500,
      "warmup": true,
      "baseline": false,
      "async": false,
      "stats": {
        "n": 32,
        "min": 2032.9938,
        "max": 2760.9229,
        "jit": [65292, 22081, 4167, 3536, 10529, 3847, 3086, 2946, 3406, 3516],
        "p75": 2554.1632,
        "p99": 2760.9229,
        "avg": 2362.30561875,
        "p995": 2760.9229,
        "p999": 2760.9229
      }
    },
    {
      "name": "Jose",
      "group": "verify",
      "time": 500,
      "warmup": true,
      "baseline": false,
      "async": true,
      "stats": {
        "n": 15472,
        "min": 17824,
        "max": 3816428,
        "jit": [
          6296248,
          210505,
          105067,
          127398,
          79409,
          47008,
          92603,
          103574,
          47749,
          39735
        ],
        "p75": 31178,
        "p99": 62497,
        "avg": 32454,
        "p995": 82174,
        "p999": 790733
      }
    },
    {
      "name": "Vixeny JWT",
      "group": "verify",
      "time": 500,
      "warmup": true,
      "baseline": false,
      "async": false,
      "stats": {
        "n": 27,
        "min": 2871.7248,
        "max": 3500.4729,
        "jit": [239078, 12183, 4959, 4468, 3807, 5140, 4268, 15128, 5400, 4839],
        "p75": 3271.3472,
        "p99": 3500.4729,
        "avg": 3103.376192592592,
        "p995": 3500.4729,
        "p999": 3500.4729
      }
    }
  ],
  "cpu": "AMD Ryzen 7 4700U with Radeon Graphics",
  "runtime": "bun 1.0.20 (x64-linux)"
}
