{"benchmarks":[{"name":"Jose","group":"Sign","time":500,"warmup":true,"baseline":false,"async":true,"stats":{"n":24446,"min":13005,"max":1292569,"jit":[2323592,1215564,111150,67919,75523,69722,49705,46739,65043,52439],"p75":20529,"p99":45666,"avg":20492,"p995":54724,"p999":692923}},{"name":"Vixeny JWT","group":"Sign","time":500,"warmup":true,"baseline":false,"async":false,"stats":{"n":34,"min":1949.7272,"max":2704.0925,"jit":[57559,25879,4328,3767,7514,3126,2955,2995,2976,3156],"p75":2243.9848,"p99":2704.0925,"avg":2136.4200499999997,"p995":2704.0925,"p999":2704.0925}},{"name":"Jose","group":"verify","time":500,"warmup":true,"baseline":false,"async":true,"stats":{"n":27885,"min":11703,"max":2405848,"jit":[2889495,228563,71947,120939,100039,64132,77457,47800,37070,31289],"p75":17804,"p99":40106,"avg":17937,"p995":46498,"p999":639201}},{"name":"Vixeny JWT","group":"verify","time":500,"warmup":true,"baseline":false,"async":false,"stats":{"n":29,"min":2596.4866,"max":3077.9809,"jit":[266836,12925,5100,3997,3556,3607,4168,21010,4037,3376],"p75":2838.8038,"p99":3077.9809,"avg":2749.631448275862,"p995":3077.9809,"p999":3077.9809}}],"cpu":"AMD Ryzen 7 4700U with Radeon Graphics","runtime":"bun 1.0.15 (x64-linux)"}
