{"benchmarks":[{"name":"new URL","group":"One query","time":500,"warmup":true,"baseline":false,"async":false,"stats":{"n":34,"min":2046.5481,"max":2533.2589,"jit":[260158,32520,20268,11913,31449,11050,10239,26019,46758,50985],"p75":2108.4682,"p99":2533.2589,"avg":2107.22635,"p995":2533.2589,"p999":2533.2589}},{"name":"Vixeny query","group":"One query","time":500,"warmup":true,"baseline":false,"async":false,"stats":{"n":849,"min":54.8739,"max":84.0777,"jit":[56987,3757,2896,2806,2756,2745,2725,2725,11111,7214],"p75":59.9685,"p99":76.3151,"avg":59.59672226148412,"p995":78.6034,"p999":84.0777}},{"name":"new URL","group":"multi query","time":500,"warmup":true,"baseline":false,"async":false,"stats":{"n":33,"min":2206.2837,"max":2333.926,"jit":[115286,8185,6513,6593,6782,6622,6863,6262,10138,18013],"p75":2229.4722,"p99":2333.926,"avg":2225.5598727272727,"p995":2333.926,"p999":2333.926}},{"name":"Vixeny query","group":"multi query","time":500,"warmup":true,"baseline":false,"async":false,"stats":{"n":437,"min":110.4011,"max":375.91,"jit":[138149,4419,3627,3567,3517,3487,3467,3477,23865,11141],"p75":117.6297,"p99":141.5083,"avg":117.23364118993129,"p995":147.8554,"p999":375.91}}],"cpu":"AMD Ryzen 7 4700U with Radeon Graphics","runtime":"deno 1.39.1 (x86_64-unknown-linux-gnu)"}
