{"benchmarks":[{"name":"new URL","group":"One query","time":500,"warmup":true,"baseline":false,"async":false,"stats":{"n":34,"min":2024.8683,"max":2553.1173,"jit":[265703,33553,19477,11832,32090,10941,10480,28354,31330,51227],"p75":2115.0312,"p99":2553.1173,"avg":2116.7381323529416,"p995":2553.1173,"p999":2553.1173}},{"name":"Vixeny query","group":"One query","time":500,"warmup":true,"baseline":false,"async":false,"stats":{"n":771,"min":60.6599,"max":96.4397,"jit":[57178,3697,3026,2885,2885,2806,2806,2796,11222,7354],"p75":66.2425,"p99":76.3146,"avg":65.72890648508435,"p995":77.5589,"p999":96.4397}},{"name":"new URL","group":"multi query","time":500,"warmup":true,"baseline":false,"async":false,"stats":{"n":33,"min":2180.1135,"max":2359.6607,"jit":[119146,8315,6782,6412,6382,6282,6453,6282,10430,18285],"p75":2208.905,"p99":2359.6607,"avg":2202.370554545454,"p995":2359.6607,"p999":2359.6607}},{"name":"Vixeny query","group":"multi query","time":500,"warmup":true,"baseline":false,"async":false,"stats":{"n":410,"min":118.9203,"max":392.0389,"jit":[133853,4628,3737,3627,3697,3577,3547,3536,25368,11031],"p75":125.8324,"p99":137.4735,"avg":125.18221146341459,"p995":137.7981,"p999":392.0389}}],"cpu":"AMD Ryzen 7 4700U with Radeon Graphics","runtime":"deno 1.39.1 (x86_64-unknown-linux-gnu)"}
